No,Tgl_Iklan,url,harga,Kota,LT,LB,KT,KM,KTP,KMP,carport,garasi,listrik,surat,judul,deskripsi
1,28-03-2021,https://www.rumah.com/listing-properti/dijual-rumah-murah-di-bantar-jati-kota-bogor-oleh-bobby-kurniawan-18396641,945000000,Bogor,145,110,4,2,0,0,1,0,1300,SHM,Rumah Murah di Bantar Jati Kota Bogor,"DP SUKA SUKA RUMAH CANTIK TERAWAT LOKASI STRATEGIS DI JANTUNG KOTA BOGOR @BANTARJATI PANDURAYA

HARGA DI BAWAH PASARAN CICILAN MULAI 7 JUTAAN!

50 Meter ke Jalan Panduraya
5 Menit ke Tol BORR
10 Menit ke Tol Tanah Baru
Dekat Jalan Pajajaran

LOKASI PREMIUM
Lokasi tepat di Jantung Kota Bogor. Diapit 3 Pintu Tol. Dekat Kemana-mana.

RUMAH LUAS
Rumah Cantik Murah Minimalis dengan Luas Bangunan 110 Meter dan Luas Tanah 140 Meter

SERTIFIKAT HAK MILIK
Legalitas Lengkap dan Aman. Sudah SHM (Sertifikat Hak Milik), IMB (Ijin Mendirikan Bangunan) dan PBB

Surrounding
FASILITAS KESEHATAN
RS PMI Bogor - RS Siloam Bogor - RS Pertamedika Sentul - RS Azra Bogor - RS BMC (Bogor Medical Centre)

FASILITAS PENDIDIKAN
IPB Bogor - Universitas Pakuan - Kampus IBI Kesatuan - Sekolah Regina Pacis - Sekolah Budi Mulia - SMA dan SMP Negeri 1 - SMa Negeri 3 - Sekolah favorite lainnya

FASILITAS KOMERSIL
Plaza Jambu Dua Bogor - Mall Botani Square - Mall Lippo Plaza - BTM (Bogor Trade Mall) - Giant Sentul - Bellanova Sentul

WISATA & KULINER
Kebun Raya Bogor - The Jungle Sentul - Jungle Waterpark - Kuliner Ah poong Sentul - Kuliner Bantar Jati - Puncak Bogor - Abuba Steak - Ayam Geprek - Bebek Selamet - Sop Duren Lodaya - Baso Boboho - Baso Seseupan - puluhan jenis makanan lainnya

Aksesibilitas
10 Menit Pintul Tol Kota Bogor
5 Menit Pintul Tol BORR (Sentul )
5 Menit Pintu Tol Tanah Baru
15 Menit ke Stasiun Bogor
Dilalui Jalur Angkutan Umum"
2,08-04-2021,https://www.rumah.com/listing-properti/dijual-rumah-perumahan-purimas-bogor-oleh-rocky-pangestu-17290120,2500000000,Bogor,180,160,3,2,0,0,2,0,2200,SHM,Rumah Perumahan purimas Bogor,Dijual rumah nyaman lokasi di kota Bogor Perumahan Purimas
3,26-03-2021,https://www.rumah.com/listing-properti/dijual-rumah-di-kota-bogor-oleh-raksaguna-16048222,7000000000,Bogor,365,154,4,4,1,1,1,1,4400,SHM,Rumah Di KOTA BOGOR,"Rumah Lokasi di pusat kota Bogor.
Belakang Hotel Salak , Jl Juanda
Hanya 5 menit Jl kaki ke Istana Bogor / Kebun Raya Bogor.
Spek
Luas tanah : 365 m
Luas Bangunan: 154 m
SHM
2 lantai
Kamar tidur : 5
Kamar mandi : 5
Listrik : 4500 watt
Air PDAM dan Sumur
Mengadap Barat
Alamat Jln. Gedong sawah lll/3 blk Hotel Salak kel. Pabaton kec. Bgr Tengah
Harga 7 M"
4,30-03-2021,https://www.rumah.com/listing-properti/dijual-dijial-rumah-mewah-di-kota-bogor-oleh-kalianda-sukma-18416323,6500000000,Bogor,451,366,4,6,2,2,1,1,2200,SHM,Dijial Rumah mewah di kota bogor,"Dijual Rumah mewah dalam perumahan ahmad yani dikota bogor
Cash or kpr"
5,30-03-2021,https://www.rumah.com/listing-properti/dijual-dijual-rumah-2-lantai-di-kota-bogor-oleh-kalianda-sukma-18413682,800000000,Bogor,110,180,5,3,0,0,1,0,1300,SHGB,Dijual rumah 2 lantai di kota bogor,"Dijual Rumah 2 lantai dalam cluster daerah cimahpar kota bogor
Lt110m lb 180m kt5 km 3
harga 800jt nego
Cash or kpr"
6,28-03-2021,https://www.rumah.com/listing-properti/dijual-promo-rumah-dekat-pusat-kota-bogor-oleh-obby-17457888,450000000,Bogor,72,42,2,1,0,0,1,0,1300,SHM,Promo rumah dekat pusat kota bogor,"Setelah sukses pada pembangunan tahap 1-3
Kami akan membuka kembali tahap 4 yang dengan model rumah yang lebih modern dan kekinian..

Dengan lokasi yang tidak jauh dari pusat kota bogor , perumahan kota batu residence menjadi pavorite hunian baik untuk di tempati atau investasi karena lokasi yang masih asri , bersih, sejuk dan tenang yang akan membuat kita semakin nyaman tinggal di kota batu residence.

Tipe yang akan kami tawarkan adalah
Rumah 1 lantai
Lt 72 -120
Lb 36,45,72

Dengan harga mulai dari 450jt-600jtn
Ada PROMO khusus pegawai PNS & BUMN juga lohhh..

Cara bayar CASH,KPR BANK BNI SYARIAH, KPR DEVELOPER ( DP 100-150JT)

Yukkk booking sebelum kehabisan.."
7,24-03-2021,https://www.rumah.com/listing-properti/dijual-rumah-kota-bogor-oleh-nurul-arum-dhani-18371350,451250000,Bogor,84,36,2,1,0,0,1,0,1300,SHGB,RUMAH KOTA BOGOR,"Jl. Tegar Beriman, Dekat Gate Tol Kayu Manis; DP 0%

Cukup bayar 2 Juta sudah punya rumah⁣⁣⁣⁣⁣⁣⁣
DP 0% Arya Green Tajurhalang⁣⁣⁣⁣⁣⁣⁣
⁣⁣⁣⁣
Free biaya-biaya⁣⁣⁣⁣⁣⁣⁣
Unit Ready⁣⁣⁣⁣⁣⁣⁣
Tunggu apalagi? Jangan sampai kehabisan⁣⁣⁣⁣⁣⁣
⁣⁣⁣⁣⁣⁣⁣
Arya Green Tajur Halang menyediakan berbagai fasilitas yang menunjang kegiatan setiap hari para penghuni seperti:⁣⁣⁣⁣⁣⁣⁣
⁣⁣⁣
- Jogging Track⁣⁣⁣⁣⁣⁣⁣
- Playground⁣⁣⁣⁣⁣⁣⁣
- Tempat Ibadah⁣⁣⁣⁣⁣⁣⁣
- Arya Green Tajur Halang dilengkapi dengan keamanan 24 Jam.⁣⁣⁣⁣⁣⁣⁣
⁣⁣
Info Sekitar Lokasi:⁣⁣⁣⁣⁣⁣⁣
⁣⁣⁣⁣⁣
- Stasiun Bojong Gede & Stasiun Citayam⁣⁣⁣⁣⁣⁣⁣
- Gate Tol Kayu Manis Bogor⁣⁣⁣⁣⁣⁣⁣
- SMP Negeri 1 Tajur Halang⁣⁣⁣⁣⁣⁣⁣
- RS Hermina⁣⁣⁣⁣⁣⁣⁣
- Out Ringroad Tegar Beriman"
8,24-03-2021,https://www.rumah.com/listing-properti/dijual-rumah-dikota-bogor-oleh-diqi-18347795,1400000000,Bogor,240,350,5,4,2,1,2,0,3500,SHM,Rumah dikota Bogor,"Dijual cepat
Rumah tinggal di kota Bogor daerah tanah baru, dekat pintu toll, dekat kampus,
dekat RS, Sekolah dan dekat sarana Masjid,
lokasi sangat strategis bebas banjir,
Bangunan 2 lantai, sertifikat SHM,
jual BU Rp 1,4 M (seluruh biaya pajak2 penjual & pembeli serta biaya notaris ditanggung pembeli).

LT: 240m²
LB: 350m²
KT: 7 (bisa ditambah 4 lagi)
KM: 5
Ruang tamu,
garasi bisa 2 mobil sedang,
ruang musholla,
ruang makan,ruang dapur,ruang keluarga, ruang bermain anak.

Hub.
Diqi
081386192345
Smile Property Indonesia."
9,24-03-2021,https://www.rumah.com/listing-properti/dijual-rumah-luas-di-tengah-kota-bogor-oleh-yuliani-18019567,6000000000,Bogor,724,350,4,2,0,0,3,0,4400,SHM,Rumah Luas di Tengah Kota Bogor,"LT. 724 m
Lebar muka 18 m
LB. 350 m
Pekarangan belakang luas
Hunian nyaman dan asri

Diapit 2 mall , Lippo Mal dan Trans mart Mall
Lokasi Strategis di tengah kota Bogor

Hubungi :
Yuliani
Ray White Summarecon Bekasi
0821 2269 1269"
10,24-03-2021,https://www.rumah.com/listing-properti/dijual-kota-bogor-oleh-andi-wicaksono-18303646,1200000000,Bogor,96,90,4,2,0,0,2,0,2200,SHM,Kota Bogor,"Mau Rumah 2 Lantai di Pusat Kota Bogor?

Ada unit siap huni nih

Tipe 90/96 - Konsep bali style

Harga 1,2M All-in
Cash Only

4 kamar tidur
2 kamar mandi
2 carport

Lokasi strategis tengah kota
- Dekat dengan IPB Baranangsiang
- Dekat dengan Mall Botani Square
- Dekat dengan Istana Presiden Bogor
- Dekat dengan Kebun Raya Bogor
- Dekat dengan TOL BORR & Baranangsiang
- Dekat dengan RS BMC
- Dekat dengan Pendidikan (SD, SMP, SAMA)
- Lokasi sejuk dan pusat kuliner Bogor

Harganya 1,2 milyar aja

Mau yang cuma 699jt?
Ada juga, unit inden

Type 42/84
- 3 k.tidur
- 2 k.mandi
- 2 carport

Mohon maaf, sisa 2 unit
Biar gak kehabisan, chat saya sekarang juga

Andi Wicaksono

Wa.me/6281295540188"
11,24-03-2021,https://www.rumah.com/listing-properti/dijual-kota-bogor-oleh-andi-wicaksono-18314340,418380000,Bogor,66,50,2,1,0,0,1,0,1300,SHM,Kota Bogor,"Ingin punya RUMAH ALA JEPANG dengan HARGA TERJANGKAU...?

Yang BERLOKASI STATEGIS dekat STASIUN CILEBUT dan masih masuk wilayah KOTA BOGOR...?

PERUMAHAN SYARIAH BOGOR

BUMI CAHAYA SAKURA
CILEBUT
Hunian Syariah yang Kuat, Segar, Terang, Sehat ala Jepang

Berskema Syariah:
Tanpa Riba

Tanpa Pembiayaan Bank

Tanpa Akad Bermasalah

Tanpa BI Checking: Persyaratan Tak Ribet

Tanpa Sita : Karena Ketika Beli Menjadi Sepenuhnya Milik Anda

Cicilan Flat : Tak Ada Kenaikan Angsuran Sebab Perubahan Harga

Hidup Lebih Tentram Dunia dan Akhirat

Berlokasi Strategis:
10 menitan ke Stasiun Cilebut
10 menitan ke Jalan Raya Jakarta - Bogor
15 menitan ke Pintu Toll BORR
Dekat ke Masjid Jami' & MI Nurul Yakin
Dekat ke Ponpes Al-Alawiyah, Kantor Kelurahan Kencana
10 menitan ke Lotte Mart, Giant Yasmin, Transmart, RS Hermina
15 menitan ke RS Islam, Universitas Ibnu Khaldun, Sekolah Bintang Pelajar, Yogya Cimanggu, Bogor Square Mall
10 menitan ke Sekolah IT Ummul Quro Bogor
10 menitan ke Marcopolo Waterpark

Berfasilitas Menarik:
Selangkah ke Masjid Jamie
Program Tahfidz Alquran
Mini Basket & Archery Area
Taman Kompleks
One Gate System
CCTV Keamanan
Lubang Biopori

Berkonstruksi ala Jepang
Kuat Struktur Bangunannya
Segar Aliran Udaranya
Terang Cahaya Masuknya
Sehat Bagi PenghuninyA


TINGGAL 7 UNIT SAJA

Anda Berminat?

Kami akan memberikan info lebih lanjut tentang Bumi Cahaya Sakura untuk Anda...!

Andi Wicaksono

Wa.me/6281295540188


Salam Hangat,"
12,24-03-2021,https://www.rumah.com/listing-properti/dijual-bukit-cimanggu-city-kota-bogor-oleh-nenny-thoiyibah-15676355,680000000,Bogor,96,60,3,2,0,0,1,0,1300,SHM,"Bukit Cimanggu City, Kota Bogor","Mengapa Bukit Cimanggu City Menjadi Salah Satu Perumahan Terbaik di Bogor?

- Depan Perumahan Langsung menghadap Pintu Tol BORR ( Bogor Outer Ring Road)

- Dekat Stasiun Cilebut

- Segudang Fasilitas di dalam perumahan:
Apartemen dan Hotel Bogor Icon
Marcopolo Waterbom

- Dekat Fasilitas Kesehatan, Perbelanjaan dan Pendidikan

Dijual Rumah Asri Siap Huni di Bukit Cimanggu City Bogor

Lt 96
Lb 60

3 KT
2 KM
1 Lantai

Strategis Dekat Tol
Nyaman Rumah Dekat Taman

Fasilitas dalam cluster:
Taman
Gazebo
Cctv
Security 24 jam"
13,24-03-2021,https://www.rumah.com/listing-properti/dijual-rumah-di-lokasi-strategis-di-kota-bogor-oleh-teguh-eri-wibowo-18012847,2500000000,Bogor,339,336,4,4,1,0,1,2,2200,SHM,Rumah di Lokasi Strategis di Kota Bogor,"Dijual Rumah di Bogor Selatan.
Dekat dengan pusat Kota Bogor dan Tol.

Luas Tanah 339m
Luas Bangunan 336m
5+1 Kamar Tidur
3+1 Kamar Mandi
Garasi 2 mobil
Carport 1 mobil

Kitchen Set
Water Heater
Sertifikat Hak Milik

Bebas Banjir
Lingkungan aman dan nyaman

Hub. Bp. Teguh
Telp/Wa 081210253030"
14,17-03-2021,https://www.rumah.com/listing-properti/dijual-rumah-2-lantai-di-kota-bogor-oleh-neneng-wahyudi-18017391,1200000000,Bogor,78,102,3,2,0,0,1,0,1300,SHM,Rumah 2 Lantai di Kota Bogor,"Rumah Baru Cluster 2 Lantai 
Di Bukit Cimanggu City

Dengan suasana yang nyaman dan aman

Spesifikasi:
SHM + IMB
Lt/Lb: 78 m2/102 m2
Kamar tidur 3
Kamar mandi 2
Carport
Dapur
Ruang makan
Void
Ruang tamu
Ruang keluarga
Listrik 1300 watt
Air PDAM


Selling point:
5 menit ke Rs.Islam
7 menit ke tol BORR 
10 menit ke Rs.Hermina 
10 menit ke Transmart Yasmin,  Giant Yasmin

Tunggu apalagi..
Segera survey dan miliki hunian yang super nyaman..
Selangkah ke Jalan tol..

Info Hubungi 
Nama : Neneng
Telp/WA : 085817672990"
15,17-03-2021,https://www.rumah.com/listing-properti/dijual-dijual-rumah-cantik-di-kota-bogor-oleh-kalianda-sukma-17368895,500000000,Bogor,72,72,2,2,0,0,1,0,1300,SHM,Dijual rumah cantik di kota bogor,"Dijual Cepat Rumah Cantik Di Kodya Bogor

Lokasi : Perum Taman Griya Kencana Kodya Bogor

Spekaifikasi :
Luas tanah : 72m2
Luas bangunan : 72m2
K.Tidur : 2
K.Mandi : 2
Sertifikat : SHM
AC : 2 unit
Air : PAM dan Sumur
Water Heater : 1 unit
Carport : 1 mobil

Harga : 500jt Nego
Cash or kpr
"
16,08-04-2021,https://www.rumah.com/listing-properti/dijual-rumah-mewah-minimalis-di-kota-bogor-oleh-agus-chandra-widodo-18435659,1200000000,Bogor,96,90,4,2,0,0,2,0,3500,SHM,Rumah mewah Minimalis di kota bogor,"Mau Rumah 2 Lantai di Pusat Kota Bogor?

Ada unit siap huni nih

Tipe 90/96 - Konsep bali style

Harga 1,2M All-in
Cash Only

4 kamar tidur
2 kamar mandi
2 carport

Lokasi strategis tengah kota
- Dekat dengan IPB Baranangsiang
- Dekat dengan Mall Botani Square
- Dekat dengan Istana Presiden Bogor
- Dekat dengan Kebun Raya Bogor
- Dekat dengan TOL BORR & Baranangsiang
- Dekat dengan RS BMC
- Dekat dengan Pendidikan (SD, SMP, SAMA)
- Lokasi sejuk dan pusat kuliner Bogor

Harganya 1,2 milyar aja

Mau yang cuma 699jt?
Ada juga, unit inden

Type 42/84
- 3 k.tidur
- 2 k.mandi
- 2 carport

Mohon maaf, sisa 2 unit
Biar gak kehabisan, chat saya sekarang juga

Andi Wicaksono

Wa.me/6281295540188"
17,17-03-2021,https://www.rumah.com/listing-properti/dijual-perumahan-termurah-di-kota-bogor-oleh-yunanda-kapitan-18175456,265000000,Bogor,60,22,1,1,0,0,1,0,1300,SHM,Perumahan termurah di kota bogor,"dengan melihat iklan ini pertanda bahwa sebentar lagi
kamu bakalan punya rumah baru disini, selamat ya

mempersembahkan
CLUSTER ALAMANDA dan CLUSTER ALIFIA kota bogor

strategis termurah akses mudah bebas banjir da lokasi ramai aman nan nyaman
promo kpr rumah tanpa dp terlari dan satu-satunya di kotamadya bogor

alamat: jln kh ahmad sayani kota bogor jawa barat
cara bayar: cash, bertahap dan KPR Bank
syarat utama: usia 21, ktp npwp KK dan slip gaji serta SK kerja

-5 mnt ke toll bogor tahap III
-5 mnt ke sekolah favorit borcess
-10 mnt ke stasiun cilebut bogor
-10 mnt dari area taman yasmin toll kedung halang

*NEW TIPE NEW DESIGN TIPE MEZANINE 22/60 dan 36/72

-tanpa dp gratis biaya KPR
-gratis biaya admin kpr bphtb dll
-booking pilih rumah langsung

Info menarik lainnya silahkan hubungi MBA NANDA 0812-1893-6621
terima kasih"
18,17-03-2021,https://www.rumah.com/listing-properti/dijual-rumah-di-pusat-kota-bogor-oleh-andri-kurniawan-17748547,5400000000,Bogor,265,212,4,4,0,0,2,1,4400,SHM,Rumah di pusat kota Bogor,"Lokasi di area pusat Kota Bogor dimana terdapat Botani Square Mall, Plaza Jambu 2, RS Azra. Area perumahan dengan keamanan 24 jam, gas alam, internet cable, one gate system"
19,10-03-2021,https://www.rumah.com/listing-properti/dijual-dijual-rumah-diciomas-kota-bogor-oleh-kalianda-sukma-17367539,975000000,Bogor,143,143,3,2,0,0,1,0,2200,SHM,Dijual rumah diciomas kota bogor,"LT 143 m2 , LB 143 m2
KT 3
KM 2
Garasi Mobil
Teras depan
Dapur
AC 2
Air PAM
Listrik 2200
Jendela komplit dgn teralis dan korden.
Spek Bangunan :
Dinding : Batu Hebel
Atap Luar : Baja ringan dan genteng pasir
Atap dalam : Gypsum dan List gypsum
Pondasi : Batu kali
Lantai :
Keramik KW 1 , 40 x 40 cm
Meja dapur : Granit
Jaringan listrik :
Diatap menggunakan pralon listrik lengkap dengan Arde ditanah.
Saklar, Stop kontak : Merk Brocco
Lampu : LED Phillips
Alamat : Kavling Sukarapih, Jl. Bougenville 6 , Pintu Ledeng, Ciomas, Bogor."
20,10-03-2021,https://www.rumah.com/listing-properti/dijual-kota-bogor-oleh-andi-wicaksono-18288102,699000000,Bogor,84,42,3,2,0,0,2,0,2200,SHM,Kota Bogor,"Rumah 2 Lantai Termurah Dekat Kebun Raya Bogor

Konsep bali style
type 42/84
3 kamar tidur
2 kamar mandi
2 carport

Rumah kalo udah jadi, di kelola profit sharing untuk di jadikan homestay/guesthouse yang bekerjasama dengan jaringan penyewaan se indonesia..

Kalo mau di jual lagi, harganya ngikutin harga rumah pasaran disekitarnya (pasaran 2 lantai sekitar situ 800-900jt an orang bogor pasti tau)

Untung dobel kan?
Invest buat di sewain untung
Buat di jual lagi tambah untung

Harga cuma 699 juta

Bisa ambil skema cicilan ke developer

Info lengkap hubungi saya


Andi Properti"
21,31-03-2021,https://www.rumah.com/listing-properti/dijual-rumah-tanah-hoek-di-bukit-cimanggu-city-kota-bogor-oleh-romi-18205538,1200000000,Bogor,192,40,2,1,0,0,1,0,1300,SHM,Rumah Tanah Hoek di Bukit Cimanggu City Kota Bogor,"Rumah Strategis Tanah Hoek di Greenland Bukit Cimanggu City, Hanya 5 menit dari Exit Tol"
22,31-03-2021,https://www.rumah.com/listing-properti/dijual-rumah-1-lantai-shm-strategis-tengah-kota-bogor-oleh-elvia-15988155,662500000,Bogor,86,42,2,1,0,0,1,0,1300,SHM,"Rumah 1 lantai SHM, Strategis Tengah Kota Bogor","Rumah Minimalis Tipe 42, SHM, Strategis Tengah Kota Bogor"
23,31-03-2021,https://www.rumah.com/listing-properti/dijual-hunian-nyaman-dekat-dengan-stasiun-dan-borr-kota-bogor-oleh-arie-18168495,700000000,Bogor,78,36,2,1,0,0,2,0,2200,SHM,Hunian nyaman dekat dengan stasiun dan BORR kota bogor,Rumah Dp Mulai Dari 10 Juta All In Plus SHM
24,30-03-2021,https://www.rumah.com/listing-properti/dijual-rumah-murah-kiana-residen-dekat-akses-kota-bogor-oleh-purwanto-18229029,470000000,Bogor,29,26,2,1,0,0,1,0,1300,SHM,Rumah murah Kiana Residen dekat akses kota Bogor,Rumah Murah Dekat Akses Ke Kota Bogor
25,30-03-2021,https://www.rumah.com/listing-properti/dijual-hunian-premium-sekelas-resort-bali-di-kota-bogor-oleh-novan-mushaf-rivai-18247598,588000000,Bogor,90,48,2,1,0,0,1,0,2200,SHGB,Hunian Premium sekelas Resort Bali di Kota Bogor,Hunian Premium 2 Lantai Dengan Fasilitas Sekelas Resort Bali Di Bogor
26,25-03-2021,https://www.rumah.com/listing-properti/dijual-cluster-alamanda-kota-bogor-solusi-terbaik-rumah-idaman-oleh-yunanda-kapitan-18158335,424000000,Bogor,72,36,2,1,0,0,1,0,1300,SHM,Cluster Alamanda kota bogor solusi terbaik rumah idaman,Dp0% Bebas Semua Biaya Lokasi Paling Strategis
27,24-03-2021,https://www.rumah.com/listing-properti/dijual-rumah-2-lantai-bukit-cimanggu-city-kota-bogor-oleh-nenny-thoiyibah-16438649,550000000,Bogor,78,90,4,2,0,0,1,0,2200,SHM,"Rumah 2 lantai Bukit Cimanggu City, kota Bogor","Rumah 2 Lantai, Perumahan Elit Kota Bogor.Dkt Tol Borr,Stasiun Cilebut"
28,24-03-2021,https://www.rumah.com/listing-properti/dijual-rumah-bogor-selatan-kota-bogor-strategis-bebas-banjir-oleh-nenny-thoiyibah-16387955,435000000,Bogor,60,36,2,1,0,0,1,0,1300,SHM,"Rumah Bogor Selatan, kota Bogor, strategis, bebas banjir","Perumahan Kota Bogor, View Gunung Salak. Akses Angkot, Tol Ke Jakarta"
29,24-03-2021,https://www.rumah.com/listing-properti/dijual-rumah-second-siap-huni-oleh-kris-handayani-16718994,1000000000,Bogor,128,155,3,3,0,0,1,0,2200,SHM,Rumah second siap huni,"Rumah second siap huni di lokasi yang strategis, udara masih sejuk, pemandangan gunumg dari balkon. terletak di pusat kota Bogor."
30,18-03-2021,https://www.rumah.com/listing-properti/dijual-rumah-bogor-kota-murah-2-lantai-500jutaan-oleh-meliana-18352273,575000000,Bogor,72,72,3,2,0,0,1,0,1300,SHM,Rumah Bogor kota murah 2 lantai 500jutaan,"RUMAH DENGAN VIEW GUNUNG SALAK DAN SUASANA ASRI, HARGA TERMURAH DI KOTA BOGOR RUMAH 2 LANTAI HARGA 1 LANTAI"
31,18-03-2021,https://www.rumah.com/listing-properti/dijual-dijual-rumah-2kt-di-rancamaya-kota-bogor-oleh-agnes-dewanty-17451394,975000000,Bogor,159,54,2,1,0,0,1,0,2200,SHGB,Dijual Rumah 2KT di Rancamaya Kota Bogor,Dijual Rumah Hook Di Rancamaya Kota Bogor
32,09-04-2021,https://www.rumah.com/listing-properti/dijual-rumah-minimalis-termurah-di-dekat-kawasan-bnr-oleh-agus-chandra-widodo-18437081,400000000,Bogor,60,39,2,1,0,0,1,0,1300,SHM,Rumah Minimalis termurah di dekat kawasan BNR,"Termurah Di Dekat Perumahan Bnr
Cluster syariah dekat kawasan BNR"
33,11-03-2021,https://www.rumah.com/listing-properti/dijual-rumah-luas-tanah-128m2-loji-kota-bogor-oleh-nenny-thoiyibah-17690356,850000000,Bogor,128,82,2,2,0,0,2,0,1300,SHM,"Rumah luas tanah 128m2 Loji, kota Bogor","Di Perumahan, Bagus Bebas Banjir, Luas Tanah 128m2. Loji, Kota Bogor."
34,02-03-2021,https://www.rumah.com/listing-properti/dijual-365-jutaan-lengkap-fasilitas-ada-kolam-renangnya-akses-jalan-utama-nuansa-bali-di-bogor-barat-oleh-yola-17438218,365000000,Bogor,66,33,2,1,0,0,1,0,1300,SHM,365 jutaan Lengkap Fasilitas Ada Kolam Renangnya Akses Jalan Utama Nuansa Bali di Bogor Barat,Recomended Murah Mewah 365 Jtan Total Area 13 Hektar Full Fasilitas
35,02-03-2021,https://www.rumah.com/listing-properti/dijual-rumah-1-5-lantai-indraprasta-kota-bogor-120-98-oleh-damayanti-dk-18270289,950000000,Bogor,98,120,4,3,0,0,1,0,1300,SHM,"Rumah 1, 5 lantai indraprasta kota bogor 120/98","RUMAH 1,5 LANTAI INDRAPRASTA KOTA BOGOR"
36,02-03-2021,https://www.rumah.com/listing-properti/dijual-miliki-hunian-di-bogor-kota-ad-kolam-renang-kondisi-rumah-mewah-dan-luas-bersih-terawat-oleh-anto-widayanto-18227754,6500000000,Bogor,452,366,5,5,1,1,1,2,9500,SHM,"Miliki hunian di Bogor kota ad kolam renang. kondisi rumah mewah dan luas , bersih terawat",Dijual Cepat Rumah Di.Bogor Kota. Tanah Luas Dan Ada Kolam.Renang
37,01-03-2021,https://www.rumah.com/listing-properti/dijual-jual-cepat-rumah-baru-mulyaharja-kota-bogor-selatan-oleh-zenul-muttaqin-18202493,399500000,Bogor,60,36,2,1,0,0,1,0,1300,SHM,JUAL CEPAT RUMAH BARU MULYAHARJA KOTA BOGOR SELATAN,"Jual Cepat Rumah baru di Mulyaharja Bogor Selatan Kota Bogor, Bisa KPR Tanpa Bank, Tanpa Bi Checking, Tanpa Riba, Tanpa Denda, Tanpa Sita, Tanda Denda, Tanpa Akad Batil."
38,01-04-2021,https://www.rumah.com/listing-properti/dijual-the-spring-of-pakuan-oleh-rian-rizano-18377169,1300000000,Bogor,89,84,2,1,0,0,1,0,2200,SHM,the Spring of Pakuan,"The Spring Of Pakuan
Hunian Eksklusif
Di Tengah Kota Bogor
Dengan fasilitas premium

The Spring of Pakuan adalah kawasan hunian eksklusif, di jantung kota Bogor memiliki berbagai fasilitas premium, sehingga menjadikan The Spring of Pakuan sebagai salah satu kawasan untuk tempat tinggal sekaligus investasi properti paling menguntungkan di Kota Bogor.

One Stop Healthy Living.
On The Spring Of Pakuan

Kota Bogor adalah salah satu kota dengan perkembangan yang luar biasa, destinasi wisata, kota dengan tingkat laju industri yang tinggi dan destinasi pendidikan, sehingga kota Bogor menjadi salah satu kota dengan investasi yang sangat menjanjikan.
Melihat Peluang di atas, The Spring of Pakuan hadir di kota Bogor, kawasan hunian eksklusif, di jantung kota Bogor dengan fasilitas premium, menjadikan The Spring of Pakuan sebagai kawasan hunian sekaligus investasi paling menguntungkan di Kota Bogor."
39,01-04-2021,https://www.rumah.com/listing-properti/dijual-bukit-mekar-wangi-rumah-siap-huni-di-kota-bogor-pinggir-tol-borr-oleh-prima-amransyah-18035896,525000000,Bogor,90,45,2,1,0,0,1,0,1300,SHM,"Bukit Mekar Wangi, Rumah Siap Huni di Kota Bogor Pinggir Tol BORR","Bukit Mekar Sari, Tanah Sereal Bogor
Perumahan bukit mekar wangi, lokasi sangat strategis di pusat kota Bogor tepatnya di Tanah Sereal.

Dekat dengan tol Bogor (BORR) hanya 400 meter
Dekat dengan stasiun KRL; Stasiun Cilebut
Dekat dengan fasilitas umum karena berada di tengah2 kota
Dekat dengan pusat perbelanjaan (Giant Yasmin, Lotte Mart)

Lokasi masih sangat asri, hijau dan sejuk. Dan sangat nyaman untuk hunian yg dekat dengan ibukota Jakarta."
40,01-04-2021,https://www.rumah.com/listing-properti/dijual-rumah-murah-asri-di-tajur-halang-oleh-kesi-17648869,495000000,Bogor,72,50,3,1,0,0,1,0,1300,SHM,Rumah Murah Asri di Tajur Halang,"Rumah Asri Di Tajur Halang
Rumah 2 Lantai, Harga 1 Lantai.

Harga 495 jt

Berlokasi Di Parung Kalisuren, di apit oleh Kota Depok, Bojong Gede, Cibinong dan Parung.
Banyak Banget Keunggulannya... Juga Promonya Sangat Menarik..AYO, Silahkan Boleh Tanya-tanya Dulu... !Dapatkan Promo FREE Semua Biaya-biaya, Diskon DP dan Subsidi KPR...Untuk 5 Unit Pertama.

Luas tanah 72m²
Luas bangunan 50m²
Kamar Tidur 3
Pinggir Jalan Besar,
Dekat Pasar Modern Kalisuren
Akses Dekat Dengan Commuter Line
Akses Dekat Depok Outer Ring Road
Akses Lancar (Tidak macet) ke Parung dan Ciputat.
DP Ringan banget, bisa di Cicil lagi…
Kawasan Bebas Banjir
Kemanan 24 Jam
Sertifikat Sudah Siap,Tinggal Akad.
Mau Join Income juga Bisa..
KPR Bisa banget... Bayar Cash juga Bisa..

Info marketing:

Booked Now! For your invest"
41,09-04-2021,https://www.rumah.com/listing-properti/dijual-rumah-di-kota-bogor-dekat-tol-borr-dan-stasiun-cilebut-hanya-400m-ke-jl-raya-jkt-bogor-oleh-ocki-syaputra-18453876,350000000,Bogor,66,36,2,1,0,0,1,0,1300,SHM,RUMAH DI KOTA BOGOR DEKAT TOL BORR DAN STASIUN CILEBUT HANYA 400M KE JL RAYA JKT-BOGOR,"Dilalui Akses Angkot, Bebas Banjir, Hunian Muslim
Hunian Khusus Muslim, Dilalui Akses Angkot, Dekat Tol Borr Dan Stasiun, 400m ke Jalan Raya JKT - Bogor

PROMO BERKAH RAMADHAN
(SPESIAL SKEMA CASH / BERTAHAP)
Project Shinamon Regency
Periode : 01 - 30 April 2021

Mau punya rumah di Kota Bogor tapi takut Macet?

TENAAANG...

Shinamon Regency jadi solusi, hunian syariah lokasi strategis dekat dengan akses tol dan commuterline serta dilalui angkutan.

Menyambut bulan suci Ramadhan project Shinamon Regency berikan Promo Berkah Ramadhan yakni setiap pembelian Cash ;

Type 36
Free Mezzanine 9m2
SPECIAL OFFER pekan ini :
Blok B12a (36+/79): 350 juta + Mezzanine 9m2

SELLING POINT SHINAMON REGENCY :
1. Aksesibilitas.
- 0 Meter ke Jalan dilalui Nagkutan Umum.
- 400 Meter ke Jalan Raya Jakarta - Bogor / KH. Sholeh Iskandar.
- 2,0 KM ke Pintu TOL BORR ( Bogor Out Ring Road ) sesi 3A.
- 3,0 KM ke Stasiun KRL Commuterline Cilebut.

2. Department Store.
- 3,0 KM ke Transmart Yasmin.
- 3,0 KM ke Lottemart Yasmin.
- 3,0 KM ke Giant Yasmin.
- 3,5 KM ke Ramayana Bogor Square.
- 4,0 KM ke Yogya Taman Cimanggu.

3. Pusat Kesehatan.
- 2,7 KM ke RSIA Bunda Suyatmi.
- 3,0 KM ke RS Hermina Yasmin.
- 4,0 KM ke RS Islam Bogor.
- 5,5 KM ke RSUD Kota Bogor.
- 6,0 KM RS Marzuki Mahdi.

4. Pusat Pendidikan.
- 100 Meter ke SDN Kukupu 01
- 2,0 KM ke SDIT
- 2,0 KM ke Bogor Central School BORCESS ( SMP, SMA, SMK).
- 2,1 KM ke SDIT dan SMPIT Zaid Bin Tsabitz.
- 2,5 KM ke Universitas Nusa Bangsa.
- 2,5 KM ke SMK AK Nusa Bangsa.
- 3,2 KM ke SMA Negeri 10 Yasmin.
- 4,0 KM ke Universitas Ibnu Khaldun.
- 7,0 KM ke Institt Pertanian Bogor.

FASILITAS PERUMAHAN SHINAMON REGENCY :
1. One Gate System.
2. Pos Security.
3. Musholla.
4. Program Tahfidz.
5. Taman.
6. CCTV

NAH,.. UNTUK YANG LAGI NYARI RUMAH DI KOTA BOGOR DENGAN AKSESIBILITAS YANG MUDAH KARNA STRATEGIS BANGET, SHINAMON REGENCY SANGAT LAYAK NIH.. DISURVEY DULU YUKK?! SELAGI MASIH MURAH JUGA LOHH!!

PROMO FREE UPGRADE MEZZANINE 9METER PERSEGI."
42,31-03-2021,https://www.rumah.com/listing-properti/dijual-rumah-dengan-hunian-2-lantai-harga-murah-hadir-dikota-bogor-oleh-indra-17478854,1000000000,Bogor,106,100,3,2,0,0,1,0,2200,SHM,Rumah dengan hunian 2 lantai harga murah hadir dikota bogor,"Miliki Rumah 2 Lantai dengan hunian yang sangat asri hadir di kota bogor.
Berada di lokasi yang sangat strategis dan dibangun dengan konsep yang modern sehingga sangat cocok untuk keluarga anda.

Harga mulai dari : 1 M

Akses Point :
- 300m Jalan Raya Bogor
- Dekat dengan GOR Pakansari
- 10 menit dari exit tol sentul tanah baru dan sentul kedung halang
- 10 menit dari Plaza Jambu Dua
- 13 menit dari Botani Square
- 14 menit dari Bogor Raya National Plus School
- 19 menit dari Cibinong Mall
- Dekat dengan pusat pendidikan (SD, SMP & SMK)
- Dekat pusat pembelanjaan

Dengan Spesifikasi Bangunan :
Pondasi : Plat Setempat Beton Betulang
Struktur : Beton Betulang
Dinding : Batu Bata Merah
Lantai : Granite 60x60
Plafond : Gypsum 9mm, Cat
Kusen : UPVC & Almunium
Rangka Atap : Zincalume, Glass Woll, Almunium Foll
Sanitair : Closet Duduk, Shower Box
Air : Sumur Jet Pump"
43,31-03-2021,https://www.rumah.com/listing-properti/dijual-rumah-bonus-tanah-140m2-di-bogor-raya-permai-kota-bogor-oleh-romi-18411842,1000000000,Bogor,183,120,2,1,0,0,0,1,1300,SHM,Rumah Bonus Tanah 140m2 di Bogor Raya Permai Kota Bogor,"Rumah Siap Huni Tanah Hoek di Bogor Raya Permai
1,5 Lantai
Lb 120
Lt 183+140
Lebar muka 12 meter
2 Kamar Tidur
1 Kamar Mandi
Listrik 1300 va
Air PAM
SHM"
44,29-03-2021,https://www.rumah.com/listing-properti/dijual-proyek-perumahan-skandinavia-2-lantai-view-gunung-di-kota-bogor-oleh-bimo-18408700,575000000,Bogor,83,45,3,1,0,0,2,0,1300,SHM,Proyek Perumahan Skandinavia 2 Lantai View Gunung di Kota Bogor,"Proyek Rumah Baru Gaya Skandinavia 2 Lantai Termurah di Ciomas

Tipe 45/84
Blok A.8
LB 45m
LT 83m
2 Lantai
KT 3
KM 1
Dapur
Taman
Carport 2 Mobil

Lokasi Strategis:
- Dekat Kantor Pemerintahan Oecamatan Ciomas, Bogor.
- Dekat Pasar Induk Ciomas.
- Mudah Menjangkau Aktivitas Perbankan, Banyak Kantor Cabang Bank Nasional dan ATM 24 Jam.
- Mudah menjangkau Stasiun Komuter Bogor. Hanya 20 mnt.
- Mudah menjangkau Terminal Bus Antar Kota Antar Propinsi, Penghubung Busway dan Airport Soekarno-Hatta.

Skema Pembelian mudah dan dimudahkan
Langsung Survey
Langsung Booking
Langsung Pilih Unit

Kesempatan Terbatas
Hanya Sisa 5 unit

Segera Jadwal Survey ke kobtak WA tertera."
45,25-03-2021,https://www.rumah.com/listing-properti/dijual-rumah-mewah-di-sholeh-iskandar-dekat-tol-kota-bogor-oleh-aldo-17627771,2500000000,Bogor,267,134,3,2,0,0,2,0,2200,SHM,RUMAH MEWAH DI SHOLEH ISKANDAR DEKAT TOL KOTA BOGOR,"Rumah Bagus Di Sholeh Iskandar Kota Bogor Siap Huni
Dijual Rumah Jalan Baru Sholeh Iskandar Bogor Kota Dekat Toll
Akses dekat Toll Bogor Outer Ringroad 5 menit

Spesifikasi :
-Luas Tanah 267m2
-Luas Bangunan 134m2
-Pondasi untuk 3 Lantai
-Carport 36 m2, Plus canopi (muat utk 2 mobil berukuran panjang, 2 motor dan sepeda)
-Torrent air di bawah (lihat gambar) kapasitas s/d 3,000 liter
-Listrik 2,200 watt
-1 Kamar Utama
-1 Kamar Mandi Utama
-2 Kamar Biasa
-1 Kamar Mandi Biasa
-Ruang Keluarga
-Ruang Tamu
-Dapur plus Kitchen Set
-Ruang Makan, plus Kitchen Set
-Musholla
-Jika berminat dgn bbrp furniture, bisa didiskusikan saat nego harga.

Lingkungan tetangga sangat baik, warga warga disini sangat rukun dan komunikasi nya enak. Ada kegiatan sosial dari warga juga seperti arisan, kumpul warga, kerja bakti dan acara acara seperti 17 Agustus, qurban dan hari raya.

Fasilitas Lokasi:
-1. Di perumahan (Taman Sari Persada Bogor)
-2. Security perumahan (Pos depan, pos cluster Palem dan pos blok G)
-3. Boulevard
-4. Terdapat 2 minimarket di depan perumahan (SB Mart dan Tamansari Mart)
-5. Mencari makan kuliner gampang, bisa di ruko depan perumahan, atau ke belakang perumahan karena posisi rumah dekat dengan gerbang belakang. Pilihan makanan kaki 5 nya cukup banyak.

Fasilitas kemana mana dekat karena posisi perumahan di tengah kota atau di jalan utama Bogor (Jl. KH Soleh Iskandar):
- Rumah Sakit (RSIA Hermina, RS Suryatni, Rumah Sakit Islam)
- Sekolah (Bosowa Bina Insani, At-Taufiq, Dll.)
- Supermarket (Lotte Mart, Transmart, Toserba Yogya, Giant, Ramayana, Mitra 10, Depo Bangunan, Dll.)
- Bagian depan perumahan ada ruko-ruko; salon, apotek, potong rambut, kedai kopi, Cheese Chicken, fotocopy
- Kolam renang Taman Sari Persada dan fasilitas lapangan futsal

Harga Rp 2.500.000.000,- Nego
Bisa KPR, di bantu sampai tuntas.
Tlp : 0812-8951-7598"
46,25-03-2021,https://www.rumah.com/listing-properti/dijual-rumah-2-lantai-shinamon-regency-kayu-manis-kota-bogor-oleh-candra-budiawan-18392127,475000000,Bogor,66,43,2,2,0,0,1,0,2200,SHM,"Rumah 2 Lantai Shinamon Regency Kayu manis Kota Bogor","Rumah 2 Lantai Shinamon Regency Kota Bogor
Bismillahirrahmanirrahim.

Nyari Rumah di Kota Bogor takut macet?
Atau Khawatir terlalu jauh dari kantor?

TENAAAANG!!
Karena perumahan Shinamon Regency adalah SOLUSINYAA

SHINAMON REGENCY
Hunian Syariah yg berlokasikan paling STRATEGIS, masuk ke dalam wilayah *Kotamadya Bogor* ini bisa jadi alternatif untuk anda yg sedang cari Rumah dengan Akses mudah

*Aksesibilitas nya* :
• 0 Meter ke Jalan dilalui Angkutan Umum,
• 400 Meter ke Jalan Raya Jkt-Bgr / KH. Sholeh Iskandar
• 2 KM ke Pintu TOL BORR (Bogor Out Ring Road) sesi 3A
• 3 KM ke Stasiun KRL Cilebut
• 3 KM ke Dept. Store (Transmart, Giant, Lottemart, Yogya, Ramayana)
• 3 KM ke Pusat Kesehatan (RSIA Hermina, RSIA Bunda Suyatmi, RSUD Kota Bogor, RS Marzuki Mahdi)
• Akses lengkapnya bisa bertanya kepada marketing kesayangan anda

FASILITAS:
• One Gate System
• Pos Security
• Musholla
• Program Tahfidz
• Taman

Nah, untuk yang lagi nyari Rumah di kota Bogor,
Shinamon Regency Worth it bangettt

Hubungi
Kang Candra
082211326160
https://wa.me/6282211326160
https://wa.me/6282211326160"
47,24-03-2021,https://www.rumah.com/listing-properti/dijual-dijual-rumah-ciomas-permai-baru-minimalis-murah-dijantung-kota-bogor-oleh-efraim-siregar-16643314,650000000,Bogor,96,80,2,2,0,0,1,0,1300,SHM,Dijual Rumah Ciomas Permai Baru Minimalis Murah Dijantung Kota Bogor,"Rumah Minimalis Full Renov Siap Huni Termurah Di Ciomas Akses Stasiun
Turun Harga Rumah Minimalis Murah !!!

Rumah Baru Renov Total Full Furnished Siap Huni harga paling Murah dikelasnya...

Lokasi : Ciomas Permai daerah Bogor Barat

Lokasi Hanya :

* 15 Menit ke Stasiun Bogor
* 20 Menit ke Tol Bogor dan Yasmin
* 15 Menit ke RS Graha Medika
* 20 Menit ke Mall Botani dan Transmart
* 5 Menit ke Zamzam Water Park

Kondisi Rumah :
* Full Furnished (Furniture,Kompor dll)
* Bangunan Baru Renov Total Siap huni
* Lantai Granit 60x60
* Atap Baja Ringan
* Lampu Downled tinggi pencahayaan
* Plafon Gypsum tinggi 3.5 Meter (Sirkulasi Udara bagus)
* Kusen Kamper Samarinda plus Tralis Besi
* Closet dan Shower semua Toto
* Hadap Utara ke Timur
* Carport 1 Mobil dan 2 Motor
* Air Pam dan Bersih
* Service Area
* Dapur Keramik Bersih

Spesifikasi Rumah :

* Luas Tanah 96 Meter (8 x 12)
* Luas Bangunan 80 Meter
* Kamar Tidur 2
* Kamar mandi 2
* 1300 Watt
* PAM
* SHM

Fasitas Rumah :

* Lingkungan Tenang Nyaman dan Sejuk
* Pos Security 24 Jam
* IPL bulanan Murah 40 Ribu
* Kabel Internet Optik
* Danau Alami Perumahan
* Angkot Masuk Perumahan
* Polsek Ciomas Didalam perumahan

Satu2nya Unit bagus dan termurah dikelasnya, di Cluster sekitar harga sudah di 700 Jutaan dengan spesifikasi seperti tersebut dan itu pun inden 1-2 tahun dan masih belum SHM. Sayang untuk dilewatkan begitu saja, Ayuk Survey dan Liat langsung Unitnya.

Silahkan Kontak Untuk Info lebih Lanjut :
081314708765 ( EFRAIM SIREGAR)
SPECIALIST SELL BUY RENT PROPERTY"
48,24-03-2021,https://www.rumah.com/listing-properti/dijual-di-jual-rumah-asri-di-tengah-kota-bogor-bogor-baru-oleh-ami-damayanti-18275102,2800000000,Bogor,424,150,3,2,1,1,2,2,3500,SHM,Di Jual Rumah Asri di tengah kota Bogor - Bogor Baru,"Di Jual Rumah Asri Di Tengah Kota Bogor - Bogor Baru
Di Jual Rumah Asri di tengah kota Bogor - Bogor Baru

Spect :

Rumah 1,5 lantai, posisi hook

Luas Tanah : 424
Luas Bangunan : 150
Kamar tidur : 3 + 1
Kamar mandi : 2 + 1

Fasilitas :
- Depan Mesjid
- Depan Lapangan + Taman
- 2 AC
- Garasi muat 2 mobil + 2 Carport
- PAM
- 2 Water Heater
- 2 Pintu Jati Jepara Ukir /Gebyok
- List jendela Jati Jepara Ukir /Gebyok
- Jalan kaki ke drop off angkutan 05

Harga Jual Rp. 2.8 M ( Nego )

Sertifikat : SHM
WATER HEATER"
49,23-03-2021,https://www.rumah.com/listing-properti/dijual-jl-sawojajar-pabaton-bogor-tengah-kota-bogor-jawa-barat-indonesia-oleh-lukas-angelo-12640388,15000000000,Bogor,1353,500,4,3,0,0,10,0,4400,SHM,"Jl. Sawojajar, Pabaton, Bogor Tengah, Kota Bogor, Jawa Barat, Indonesia","Rumah Blanda Dekat Pasar Anyar Bogor
Rumah blanda lokasi strategis pusat bisnis bogor tengah. 50m ke ps anyar. Cocok utk hotel. Losmen. Mall. Ruko ruko. Hadap jln Sawojajar dan jalan cibalok."
50,24-03-2021,https://www.rumah.com/listing-properti/dijual-rumah-tipe-200-575-akses-mobil-loji-kota-bogor-oleh-nenny-thoiyibah-17467051,2000000000,Bogor,575,200,5,2,0,0,9,0,1300,SHM,"Rumah tipe 200/575 akses mobil, Loji, kota Bogor","Beli Tanah 575m2 Gratis Rumah 200m2! Strategis Akses Mobil, Kota Bogor
*Beli Tanah G ratis Bangunan Rumah..!!*

Hitung Tanah Saja 3jtan/meter

Jual Cepat Rumah Luas 575m2
Strategis di Kota Bogor

Segera survei
Siapa Cepat Dia Dapat!

Rumah dengan Halaman Luas, Akses Mobil dan Strategis di Kota Bogor ini pilihan yang tepat

Dengan Spesifikasi
LT 575m
LB 200m

SHM IMB PBB lengkap on Hand

Strategis:
8 menitan ke Stasiun Bogor
14 menitan ke Exit Tol Bogor
Dekat Masjid Jami
Dekat dengan Fasilitas Pendidikan

Rumah Luas 575m Gunung Batu Kota Bogor:
5 Kamar Tidur
2 Kamar Mandi
Listrik 1300
Air Sumur

Cocok buat yang suka berkebun dan hewan peliharaan"
51,17-03-2021,https://www.rumah.com/listing-properti/dijual-rumah-cluster-taman-sari-persada-tanah-sareal-kota-bogor-oleh-firmansyah-setiawan-17660187,2500000000,Bogor,134,267,3,2,0,0,2,0,2200,SHM,"Rumah Cluster Taman Sari Persada Tanah Sareal Kota Bogor
Rumah","Rumah Cluster Taman Sari Persada Tanah Sereal Kota Bogor
DIJUAL Rumah Cluster Taman Sari Persada Kota Bogor

Lokasi Jln. KH Soleh Iskandar Kota Bogor

5 Menit ke Exit Tol Bogor Outer Ringroad.

Dekat Sekolah, Rumah Sakit, Pusat Perbelanjaan,Kuliner Dll.

Lokasi Strategis, Lingkungan Tenang Aman dan Nyaman.

Info detail : https://youtu.be/SL8Ln_Nhl_g

Rumah 1 Lantai
Sertipikat SHM
Luas Tanah : 267 m2
Luas Bangunan : 134 m2
Kamar Tidur : 3
Kamar Mandi : 2
PLN : 2200 watt
Carport : 2 Mobil
Taman Depan
Jetpump
Toren Air 3.000 liter

Fasilitas Perumahan :
One Gate Sistem
Security/CCTV 24 Jam
Kolam Renang
Lapangan Futsal
Minimarket,Apotik dan lainya.

Harga Rp 2,5 M Nego
Bisa KPR proses di bantu sampai selesai.

Hubungi :
Firmansyah
085284848777"
52,09-04-2021,https://www.rumah.com/listing-properti/dijual-bukit-cimanggu-city-siap-huni-di-hook-oleh-dwi-shabrina-18256816,1500000000,Bogor,245,70,2,2,0,0,3,0,2200,SHM,BUKIT CIMANGGU CITY SIAP HUNI DI HOOK,"Rumah Nyaman Strategis Banget degh lingkungan sudah ramai
Di Lokasi Bukit Cimanggu City (BCC ) Kota Bogor
Keluar Gerbang Perumahan Langsung Masuk Toll

SPESIFIKASI RUMAH
-Rumah Di Hook
-LT 245m
-LB 70
-KT 2
-KM 2
-Ruang Tamu
-Dapur Luas,
-Jemuran di atas luas bisa di lanjut kan jika mau di tingkat lantai 2
-Carport bisa 3 mobil
-Kitchen shet
-Taman ada saung nya
-Surat SHM

Fasilitas lingkungan perumahan:
Marcopolo
Kolam Renang
Bogor Icon Hotel & Apartemen
Sarana Pendidikan
Sarana Ibadah Masjid.

Pusat Perbelanjaan:
Ramayana
Yogya
Transmart
Giant
RUMAH SAKIT

Harga 1,95M
Berminat Survey
HUBUNGI : DWI SHABRINA
PH/WA. : 0812 1355 0703"
53,17-03-2021,https://www.rumah.com/listing-properti/dijual-rumah-besar-tanah-luas-1527m2-sayap-papandayan-kota-bogor-oleh-hendrawan-18185652,17000000000,Bogor,1527,500,3,2,0,0,6,0,1300,SHM,Rumah besar tanah Luas 1527m2 sayap papandayan kota Bogor,"Rumah Besar Tanah Luas Ada Kolam Renang Sayap Papandayan Bogor
For sale :
Rumah besar tanah Luas.
Sayap papandayan Bogor.
Strategis tengah kota Bogor.
Deskripsi :
- SHM
- LB/LT. 500/1527
- 3 KT, 2 KM
- Listrik skrg 22.000 va
- Air pdam
- kolam renang
- halaman depan luas
Cocok untuk tempat tinggal, Guest House, dll.
Harga IDR 17 M - nego.
Hubungi :
Hendrawan - 081223395868 WA."
54,09-04-2021,https://www.rumah.com/listing-properti/dijual-dalam-perumahan-elit-kota-bogor-rumah-300m2-dengan-luas-tanah-4749m2-oleh-nenny-thoiyibah-17390180,12584850000,Bogor,4729,300,6,3,2,1,4,2,2200,SHM,"Dalam perumahan elit kota Bogor, rumah 300m2 dengan luas tanah 4749m2",
55,10-03-2021,https://www.rumah.com/listing-properti/dijual-rumah-besar-cocok-untuk-kost2an-di-pusat-kota-bogor-oleh-tjetjep-widjaja-17174190,4000000000,Bogor,398,250,5,2,0,0,4,0,2200,SHM,Rumah Besar Cocok untuk Kost2an di Pusat Kota Bogor,"Rumah Besar Cocok Untuk Kost2an Di Pusat Kota Bogor
Rumah Besar cocok untuk Kost2an di Pusat Kota Bogor

LT 398 M LB 250 M Surat SHM
Cocok untuk Kost2an atau Guest House

Lokasi Strategis :

> Dekat BCA Tugu Kujang
> Dekat Kost Putri IPB
> Dekat Terminal Baranangsiang
> Akses Transportasi Umum
> Pusat Kost2an Mahasiswi IPB
> Lokasi Aman dan Tenang
> Orientasi Timur
> Dekat Hotel Amaroosa

Harga Ekonomis hanya Rp 4 Milyar (Nego)
"
56,10-03-2021,https://www.rumah.com/listing-properti/dijual-rumah-bagus-siap-huni-view-gunung-di-kota-bogor-oleh-andry-h-saputra-17306909,8000000000,Bogor,1000,400,8,4,0,0,7,0,4400,SHM,Rumah bagus siap huni view gunung di kota Bogor,"Rumah Bagus Siap Huni View Gunung Di Kota Bogor
Akses ke stasiun Bogor +/-10 mnt, Akses ke Botani Mall Bogor +/- 30 mnt, Akses ke Tol Jagorawi +/- 35 mnt, Lokasi Asri, sejuk, nyaman dan aman"
57,03-03-2021,https://www.rumah.com/listing-properti/dijual-rumah-asri-3-lantai-murah-di-pamoyanan-kota-bogor-oleh-erwin-burhanudin-18021288,1250000000,Bogor,168,210,4,3,1,1,2,0,2200,SHM,Rumah Asri 3 lantai Murah di Pamoyanan Kota Bogor,"Rumah Asri 3 Lantai Murah Di Pamoyanan Kota Bogor
Rumah Asri 3 lantai Murah di Pamoyanan Kota Bogor

Spesifikasi:
Luas tanah 168 M2
Luas bangunan 210 M2

Kamar tidur : 4 + 1
Kamar mandi : 3+1

Carpot 2 mobil

- Taman depan belakang
- kolam ikan
- semi full furnish ( AC & gordy )
- dapur bersih & dapur kotor
-Air PAM
-listrik 2200 Watt
-SHM ,IMB,PBB ON HAND
-Bangunan Januari 2018
- rumah hadap timur laut

Fasilitas town house:
- cctv 24 jam
- security 24 jam
- mini market
- kolam renang
- taman bermain
- Gazebo dan ruang serba guna.


SHM
HARGA : 1.250.000 M NEGO"
58,10-03-2021,https://www.rumah.com/listing-properti/dijual-rumah-lokasi-strategis-pusat-kota-bogor-oleh-arief-budiman-18314448,675000000,Bogor,72,45,2,1,0,0,1,0,2200,SHM,Rumah lokasi strategis pusat kota Bogor,"Rumah minimalis ,lokasi strategis di pusat kota Bogor"
59,10-03-2021,https://www.rumah.com/listing-properti/dijual-rumah-lux-kota-bogor-oleh-alrian-elyon-17310343,4200000000,Bogor,320,600,5,5,2,0,4,0,3500,SHM,Rumah Lux Kota Bogor,"DIJUAL RUMAH LUX DI EXIT TOLL BUKIT CIMANGGU CITY, KOTA BOGOR*

# Lokasi Premium di Pusat pengembangan Central Business District (CBD) Jl Sholeh Iskandar, Kota Bogor.
# Lokasi di Komplek Bukit Cimanggu City, Cluster terdepan dekat exit/entry toll, letak rumah hook, depan taman cluster,
# Keluar Komplek langsung exit/entry toll Bogor Outer Ringroad (BORR)
# Bebas Banjir
# LT 320, LB 600, 2 lantai, 5 KT Utama (2 KM dalam), 1 KT pembantu, 1 KT Sopir, 5 KM, Carport 4 mobil, Gazebo
# Half furnished, listrik 3500, PDAM + sumur pompa, water heater system
# Sudah terpasang CCTV
# Sudah terpasang AC

*FASILITAS LENGKAP:*
# Security one gate system 24 jam + CCTV
# Komplek pertokoan dan pusat jajanan
# Marcopolo waterpark
# Sport center: kolam renang, lap basket, lap tenis, lap bulutangkis, komplek pertokoan, jogging track
# Bogor Icon Hotel/apartement
# taman tematik
# tempat ibadah

*DEKAT PUSAT PELAYANAN*
# 5mnt ke Puskesmas/klinik 24 jam, RS Hermina dan RSI, Polsek, Koramil,
# 5 mnt ke Lottemart, Transmart, Giant Yasmin, Toserba Yogya, Ramayana
# 5 mnt ke Univ Ibnu Khaldun, SD/SMP/SMA Bina Insani, Arnava hotel,
# 10mnt dari Stasiun KRL Cilebut dan TOD Sukaresmi (LRT Jabodetabek).
# 1mnt dari Halte bis JIEX @Bogor Icon (langsung dari dan ke airport Soekarno Hatta)
*# Harga Rp. 4.2 M*

Info Alrian
Tlp & WA: 0812 1375 3151"
60,26-03-2021,https://www.rumah.com/listing-properti/dijual-rumah-cluster-ready-stok-dekat-tol-dan-stasiun-bogor-oleh-hendry-gito-prayoga-18382139,484750000,Bogor,72,36,2,1,0,0,1,0,1300,SHM,Rumah cluster ready stok dekat tol dan stasiun Bogor,"Promo KPR 3 Jt All In Tanpa Dp Ready Stok
‼️ RUMAH EXLUSIF DI KOTA BOGOR,DEKAT PINTU TOLL YASMINE.

Hanya 15 unit dengan tipe yg berbeda-beda.
Mulai dengan tipe 36/71m2,,,, sampai 106m2

❗ Spesifikasi bangunan :

~ Pondasi batu kali,slop dan cor.
~ Dinding bata ringan ( slop tiang )
~ Kamar tidur 2, Kamar mandi 1 ( closet duduk)
~ kusen aluminium
~ Lantai Granit 60 x 60
~ Listrik 1300 va
~ Air sumur bor

❗ Lokasi

~ Dekat terminal bubulak dan Laladon
~ Dekat terminal bus
~ Dekat pintu tol Yasmin
~ Dekat fasilitas pendidikan dan kesehatan
~ Dll.

Harga mulai dr 400 juta-an
Boking fee 3 juta
Promo cash discont 5%
Pembayaran bisa cash atau kpr.
Data kita bisa bantu."
61,25-03-2021,https://www.rumah.com/listing-properti/dijual-rumah-eksklusif-2-lantai-ada-kolam-renang-dekat-jalan-pandu-raya-kota-bogor-oleh-nenny-thoiyibah-18391578,850000000,Bogor,90,140,3,2,0,0,0,1,2200,SHM,"Rumah eksklusif 2 lantai ada kolam renang, dekat jalan Pandu Raya kota Bogor","Rumah Ada Kolam Renang. Dekat Mall Jambu 2,Tol Borr,Stasiun Bogor Kota
Lokasi dekat masjid dan taman bermain
Dekat pusat kuliner pandu raya kota Bogor.

Rumah 2 lantai ada kolam renang kecil lokasi strategis di kota Bogor dekat jalan pandu raya

LT 90 m
LB 140 m
KT 3
KM 3
Garasi
PAM
Listrik 2200
SHM

1 menit ke jalan pandu raya
4 menit ke Mall jambu 2
5 menit ke pintu toll borr
5 menit ke RS PMI, Azra Mulia
8 menit ke Mall BTM
10 menit ke stasiun bogor
6 menit ke terminal baranangsiang"
62,25-03-2021,https://www.rumah.com/listing-properti/dijual-panasonic-homes-living-oleh-erry-situmorang-17645937,1605731707,Bogor,84,71,3,2,0,0,2,0,2200,SHGB,Panasonic Homes & Living,"PANASONIC Homes & Living at OCBD

Smart Home Pertama di Bogor dengan Teknologi Ekslusif dari Panasonic


Kami adalah Japanese Company with Global Network Reputation

Sebagai Perusahaan Perumahan dari Panasonic Corportaion. Panasonic Homes Co, Ltd didirikan pada Tahun 1963 oleh Konosuke Matsushita - pendiri Panasonic. Selama lebih dari 50 Tahun. Panasonic Homes bertujuan untuk membuat Rumah yang mengedepankan Kenyamanan Ruang untuk Tinggal bagi pengguna. Panasonic Homes telah mengembangkan bisnisnya di Taiwan, Malaysia, dan Indonesia.

Berlokasi di Area Strategis dari Olympic City, ini adalah Central Business District di Bogor yg dikelilingi dengan berbagai tempat untuk Bisnis dan Belanja, Hotel, Wisata dll dan kemudahan AKSES Transportasi di Bogor.

Teknologi Home Network System yang tertanam dalam Rumah mencegah Kejahatan di Bogor.

RUMAH PINTAR dengan KUALITAS JEPANG :

Kami memilih Material-material terbaik dengan Standart Kualitas Jepang, dipadukan dengan berbagai macam perangkat Panasonic seperti Home Network System yang menjadikan Rumah Anda semakin Aman dan Nyaman, karena Fitur-fitur didalam dan diluar ruangan seperti Indoor Camera, Outdoor Camera, Window/ Door Sensor terintegrasi dengan Smartphone Anda.

PANASONIC HOME NETWORK SYSTEM"
63,18-03-2021,https://www.rumah.com/listing-properti/dijual-jual-cepat-bu-rumah-tua-bogor-kota-malabar-nr-oleh-grace-hollo-17912003,15000000000,Bogor,880,432,4,2,0,0,0,0,2200,SHM,Jual cepat BU rumah tua Bogor kota malabar(Nr),"Jual Cepat Rumah Tua Bogor Kota Malabar
letak d tengah kota, sekelilingnya area bisnis, bisa lnjut utk usaha kuliner,"
64,25-03-2021,https://www.rumah.com/listing-properti/dijual-rumah-luas-227m2-6-kt-3-km-dekat-jalan-raya-bogor-pintu-tol-warung-jambu-oleh-nenny-thoiyibah-17394007,875000000,Bogor,227,227,6,3,0,0,0,2,1300,SHM,"Rumah luas 227m2, 6 KT, 3 KM, dekat jalan raya Bogor, pintu tol Warung Jambu","Rumah & Tanah Luas Bogor Kota. Dekat Jalan Raya Bogor,Tol Warung Jambu
Rumah Kedung Halang Bogor Kota:
Rumah Murah Strategis 1Km ke Tol Bogor

Lokasi di Kedung Halang Kota Bogor
Pemukiman Biasa Dekat Jalan Raya Bukan Perumahan

Spesifikasi Rumah:
Luas Tanah 227m
Luas Bangunan 227m

Kamar Tidur 6
Kamar Mandi 3
Garasi 2

Strategis:
Dekat Jalan Raya Bogor Jakarta
Dekat Pintu Tol Warung Jambu

Cocok Untuk Usaha, Kamar kost
Akses masuk Mobil

SHM

Depan Rumah Muat 1 mobil dan 1 motor..
Ke jalan raya cuma 20 meteran"
65,01-03-2021,https://www.rumah.com/listing-properti/dijual-rumah-semi-villa-di-tengah-kota-bogor-strategis-fasilitas-lengkap-oleh-anas-18245968,2500000000,Bogor,424,240,4,4,0,0,0,2,2200,SHM,"Rumah Semi Villa Di Tengah Kota Bogor, Strategis, Fasilitas Lengkap","Rumah Rapi Terawat Semi Villa Di Tengah Kota Bogor, Fasilitas Lengkap
Luas Tanah : 424m2 (20x21)
Luas Bangunan : 240m2 sesuai IMB
Kamar Tidur = 4
Kamar Mandi = 4
Ruang Keluarga
Ruang Tamu
Dapur
Teras
Carport
Gazebo
Lantai keramik
Air PAM
Listrik : 2200Watt
Surat Tanah = SHM

Harga Rp 2.5 M Cash / KPR

Selling Point
Bentuk rumah : semi villa luas terawat
Lokasi : kota bogor
Fasilitas Umum : masjid, pertokoan.
Suasana Lokasi : Tenang asri

Akses Point
Depan cucian mobil galaxy wash
2 menit ke restoran kedai kita, sate Tegal laka laka, RM ampera
5 menit sekolah Bintang Pelajar
5 Menit sekolah Attaufiq, 10 menit SDIT Ummul Quro,
5 menit Pom bensin jl. Soleh iskandar
10 Menit tol BORR
10Menit Giant, Ramayana, Transmart, Lotte.
7 menit waterboom Marcopolo
10 menit RS Hermina,RS bunda Suryatmi, dan RS Islam

Hub. 081383994985"
66,01-03-2021,https://www.rumah.com/listing-properti/dijual-rumah-di-pusat-kota-bogor-hunian-mewah-tanah-luas-siap-huni-oleh-anto-widayanto-18227855#contact-agent,4500000000,Bogor,323,358,4,4,2,2,3,0,9500,SHM,"rumah di pusat kota Bogor, hunian mewah tanah luas, siap. huni","Rumah Bogor Cantik Luas Di Baranang Siang Bogor Dijual Cepat
*Sale Fast..Open 4,5M Nego Perumahan Baranang Siang Indah*

_*Rumah ditengah Kota Bogor, 2 Lantai Luas Tanah 323 m2 (SHM) Luas Bangunan 358 m2 (IMB)*_

*Spesifikasi*
Ruang Tamu 1, Ruang Keluarga 2, Ruang Makan 1, Dapur Bersih / Kitchen Set 1, Dapur Luar 1, Kamar Tidur 4 Utama, Kamar Asisten 2, Kamar Mandi 7.

*Struktur*
• Pondasi : Beton Telapak
• Struktur : Beton Bertulang
• Dinding : Bata Merah
• Atap : Rangka Baja Ringan, Genteng Beton
• Plafond : Rangka Hollow, Gypsum Board
• Cat : Wethershield Jotun
• Sanitasi : ex Toto Setara
• Lantai : Granit Interior Tile 60x60 Homogenous, Granit Exterior 40x40
• Pintu : Kusen Kayu Jati
• Jendela : Daun Pintu Jati
• Listrik : PLN Daya 5500 VA
• Air Bersih : PDAM
• Water Heater : Setiap KM / WC
• AC : Setiap Ruang Tidur
• TV : Wifi Indihome
• Telp : 1 Line Indi Home
• Air Kotor : Septictank dan Rembesan
• Carport : 3 Unit Mobil
• Railing Void : Almunium
• Security : One Gate , dilengkapi CCTV 24 Jam #AisBgr"
67,01-03-2021,https://www.rumah.com/listing-properti/dijual-dijual-rumah-siap-huni-di-kota-bogor-view-gunung-salak-oleh-wanti-18059617,4000000000,Bogor,340,300,4,5,1,1,0,2,3500,SHM,Dijual Rumah Siap Huni di Kota Bogor View Gunung Salak,"Dekat Sekolahan, Wisata Kuliner,Tempat Inadah
Dijual rumah siap huni Kota Bogor View gunung Salak

Selling point' :
- Dekat Mall, sekolahan, hotel
- Dekat kebun raya Bogor
- Wisata kuliner
- Dekat Toll
- Dekat tempat ibadah

Selling point
- Luas Tanah 340m2
- Luas Banguna 300m2 -
- Kamar tidur 4+1
- Kamar mandi 5+1
- Sertifikat Hak Milik dan IMB
- Listrik 3500 watt
- Hadap : Barat
Security 24 jam, parkir bisa 2 mobil, taman depan dan belakang, PDAM, semi furnished, kitchen set, ruang tamu, ruang keluarga, dapur
Harga : Rp 4 M

Misswanti
081298687264"
68,01-03-2021,https://www.rumah.com/listing-properti/dijual-rumah-plus-furhnies-rumah-di-kebun-raya-bogor-kota-bogor-oleh-rianti-16918213,1450000000,Bogor,144,190,5,3,0,0,3,0,2200,SHM,"Rumah plus furhnies, rumah di kebun raya Bogor kota bogor","Rumah 2 Lantai Di Kebun Raya Bogor
Rumah di kebun raya Bogor bonus isi2nya
Bisa KPR
Bisa nego
Survey dan nego rumahnya
Lokasi dekat stasiun Bogor
Udara sejuk
Cocok untuk tempat tinggal"
69,01-03-2021,https://www.rumah.com/listing-properti/dijual-jl-bangbarung-bogor-utara-kota-bogor-jawa-barat-16152-indonesia-oleh-lukas-angelo-9442706,2600000000,Bogor,167,250,4,4,1,0,0,1,2200,SHM,"Jl. Bangbarung, Bogor Utara, Kota Bogor, Jawa Barat 16152, Indonesia","Rumah Bantarjati 2lantai Full Furnished Jln Palayu
Lokasi 50m dr pusat kuliner jln bangbarung."
70,11-03-2021,https://www.rumah.com/listing-properti/dijual-dijual-rumah-cantik-terawat-siap-huni-di-tengah-kota-bogor-oleh-nastiti-dewayani-18320101,750000000,Bogor,104,70,2,2,0,0,1,0,1300,SHM,Dijual Rumah cantik terawat siap huni di tengah kota Bogor,"Dijual Rumah Cantik Terawat Siap Huni Di Tengah Kota Bogor
Dijual Rumah cantik terawat siap huni di tengah kota Bogor komplek Villa Bogor Indah 1 blok H baru selesai renovasi :
LT 104
LB 70
1lantai
KT 2
KM 2
LISTRIK 1300KWH
AIR PDAM
RANGKA BAJA RINGAN
Carport 1 mobil
Taman depan
SHM
Harga jual 750Jt nego"
71,25-03-2021,https://www.rumah.com/listing-properti/dijual-mewah-berkelas-harga-murah-banyak-free-nya-terbaik-di-kota-bogor-akses-mudah-di-jangkau-20-menit-tol-oleh-baim-17507195,1050000000,Bogor,153,101,4,4,1,0,2,0,2200,SHM,Mewah Berkelas Harga Murah Banyak Free nya terbaik di kota bogor akses mudah di jangkau 20 menit tol,"Banyak Bonus N Freenya,Premium Cluster Terbaik Di Semplak Kota Bogor
Rumah Cantik Konsep Bali Mewah
First In Bogor
Lokasi Strategis 10 menit MCD Yasmin"
72,18-03-2021,https://www.rumah.com/listing-properti/dijual-dijual-rumah-mewah-di-kota-bogor-free-biaya2-s-d-akad-oleh-upi-17856007,1297000000,Bogor,149,70,3,2,0,0,2,0,2200,SHM,"Dijual Rumah Mewah di Kota Bogor, Free biaya2 s. d akad","Dekat Tol Dan Stasiun, Free Semua Biaya Proses S.D Akad
Dekat Mall, Dekat Stasiun, Dekat Rumah Sakit,

VILA BOGOR INDAH 6

PROMO DAHSYAT..
Mewah Lokasi Terdepan, DP All in

GRATISSSSSSSS
BIAYA KPR
Asuransi Jiwa & Asuransi Kebakaran
Notaris
BIAYA BPHTB
Free BBN
Sertifikat SHM
Free CCTV 2 unit
Free Internet dan TV Kabel 1 th


Aksesibilitas
10 Menit dari Akses Tol BORR
10 Menit dari Akses Tol Sirkuit Sentul
5 Menit dari Stasiun Cilebut
10 Menit Bojong Gede
10 Menit ke Pemda Cibinong

Fasilitas Perumahan
Kolam Renang
GYM / Fitnes
Basket
Indomaret
Kafe

Fasilitas Sekolah
5 Menit SMKN 1 Cibinong
5 Menit SMAN 1 Cibinong
5 Menit SMPN 3 Cibinong
5 Menit sekolah Swasta Favorit Al Madina
5 Menit sekolah Swasta Favorite Al Azhar Syifa Budi

Pusat Perbelanjaan
10 Menit ke Cibinong City Mall
10 Menit ke Jambu Dua Mall
15 Menit ke Botani Square

Rumah Sakit
5 Menit Rumah Sakit Hermina
10 Menit RSUD Cibinong
10 RS Centra Medika Cibinong

Spesifikasi :
Dinding Double bata merah
rangka atap baja ringan
kusen aluminium
closed Duduk
listrik 2200
PDAM

..Ready Stok Terbatas.. !!

INFO DETAIL HUB : 087851911803 ( UPI )"
73,11-03-2021,https://www.rumah.com/listing-properti/dijual-promo-rumah-syariah-tanah-sereal-kota-bogor-dekat-stasiun-bogor-oleh-dini-istiqomah-18131703,475000000,Bogor,66,43,3,2,0,0,1,0,2200,SHM,Promo Rumah Syariah Tanah sereal Kota Bogor Dekat Stasiun Bogor,"Fsilitas One Gate System, Pos Security, Musholla, Rumah Tahfidz, Taman
Rumah 1 lantai 300 jutaan dan 2 lantai 400 jutaan di Kota Bogor

Nyari Rumah di Kota Bogor takut macet?
Atau Khawatir terlalu jauh dari kantor?
TENAAAANG!!!
Karena perumahan Shinamon Regency adalah SOLUSINYAA

SHINAMON REGENCY

Hunian Syariah yg berlokasikan paling STRATEGIS, masuk ke dalam wilayah *Kotamadya Bogor* ini bisa jadi alternatif untuk anda yg sedang cari Rumah dengan Akses mudah

Aksesibilitasnya:
• 0 Meter ke Jalan dilalui Angkutan Umum,
• 400 Meter ke Jalan Raya Jkt-Bgr / KH. Sholeh Iskandar
• 1 KM ke Pintu TOL BORR (Bogor Out Ring Road) sesi 3A
• 3 KM ke Stasiun KRL Cilebut
• 3 KM ke Dept. Store (Transmart, Giant, Lottemart, Yogya, Ramayana)
• 3 KM ke Pusat Kesehatan (RSIA Hermina, RSIA Bunda Suyatmi, RSUD Kota Bogor, RS Marzuki Mahdi)

FASILITAS:
• One Gate System
• Pos Security
• Musholla
• Program Tahfidz
• Taman

Nah, untuk yang lagi nyari Rumah di kota Bogor,
Shinamon Regency Worth it bangettttt!
SEGERA survey selagi harga masih MURAH!

More details:
Mbak Dini 0812-8541-3120"
74,01-04-2021,https://www.rumah.com/listing-properti/dijual-teras-country-residence-promo-gede-gedean-oleh-agus-susanto-18326290,429500000,Bogor,72,36,2,1,0,0,1,0,1300,SHGB,Teras Country Residence Promo Gede gedean,"Promo Gede-Gedean, Rumah Cicilan Ringan, DP Kecil, Ready Stock
TERAS COUNTRY BOJONG GEDE
Promo 2021
Rumah Siap Huni CUMA
Booking Rp 2 Jt + DP 5 jt Free Semua Biaya.
Bisa langsung Huni
Tersedia type 45, 38, dan 36
Cicilan 3jtan + Subsidi Angsuran Rp.800rb/Bln selama 2 thn
Luas tanah bervariasi 72 s/d 150an
FREE KPR (Sudah Termasuk Biaya ADM, Provisi dan Asuransi)
FREE BPHTB
Sertifikat SHGB
(ALL IN/HARGA SUDAH TERMASUK) cukup Booking 2 jt saja.
Aksesibilitas
15 Menit dari Akses Tol BORR
10 Menit stasiun Bojong Gede
15 Menit ke Pemda Cibinong
10 Menit ke Arah Kemang Bogor

Fasilitas Perumahan
Masjid
Arena Olah Raga

Fasilitas Sekolah
SMP TONJONG
SMK TONJONG

Pusat Perbelanjaan
15 Menit ke Cibinong City Mall
15 Menit ke Jambu Dua Mall
20 Menit ke Botani Square

Rumah Sakit
15 Menit Rumah Sakit Hermina
15 Menit RSUD Cibinong
20 RS Centra Medika Cibinong

Spesifikasi :
Dinding Double hebel
rangka atap baja ringan
kusen aluminium
closed Duduk
listrik 1300
Jet Pump

Cukup naik angkot sekali dari stasion KA bojong gede turun didepan komplek perumahan teras country
Hubungi Wa.me/081218181228 AGUS"
75,01-04-2021,https://www.rumah.com/listing-properti/dijual-cimanggu-bogor-oleh-deny-kristianto-17389559,4200000000,Bogor,320,600,5,5,1,1,4,0,3500,SHM,Cimanggu Bogor,"Rp 4,2 M
Rp 20,78 jt / bln

5 
5 
320 m²
Rp13,125 jt / m²
Cimanggu Bogor
Cimanggu Bogor, Bogor Kota, Bogor, Jawa Barat
Ketahui lebih lanjut tentang Bogor
PETA
Detail
Tipe
Rumah Dijual
Sertifikat
SHM - Sertifikat Hak Milik
Luas Bangunan
600 m²
Pengembang
N/A
Luas Tanah
320 m²
Per M²
Rp 13.125.000 per m²
Interior
Sebagian
Tahun Dibuat
N/A
Lantai
N/A
ID Listing
17389559
Listrik
3500 watt
Terdaftar Pada
2 jam yang lalu
Deskripsi
Di Jual Rumah Luxury Di Cimanggu Bogor
*DIJUAL RUMAH LUX DI EXIT TOLL BUKIT CIMANGGU CITY, KOTA BOGOR*

# Lokasi Premium di Pusat pengembangan Central Business District (CBD) Jl Sholeh Iskandar, Kota Bogor.
# Lokasi di Komplek Bukit Cimanggu City, Cluster terdepan dekat exit/entry toll, letak rumah hook, depan taman cluster,
# Keluar Komplek langsung exit/entry toll Bogor Outer Ringroad (BORR)
# Bebas Banjir
# LT 320, LB 600, 2 lantai, 5 KT Utama (2 KM dalam), 1 KT pembantu, 1 KT Sopir, 5 KM, Carport 4 mobil, Gazebo
# Half furnished, listrik 3500, PDAM + sumur pompa, water heater system
# Sudah terpasang CCTV
# Sudah terpasang AC

*FASILITAS LENGKAP:*
# Security one gate system 24 jam + CCTV
# Komplek pertokoan dan pusat jajanan
# Marcopolo waterpark
# Sport center: kolam renang, lap basket, lap tenis, lap bulutangkis, komplek pertokoan, jogging track
# Bogor Icon Hotel/apartement
# taman tematik
# tempat ibadah

*DEKAT PUSAT PELAYANAN*
# 5mnt ke Puskesmas/klinik 24 jam, RS Hermina dan RSI, Polsek, Koramil,
# 5 mnt ke Lottemart, Transmart, Giant Yasmin, Toserba Yogya, Ramayana
# 5 mnt ke Univ Ibnu Khaldun, SD/SMP/SMA Bina Insani, Arnava hotel,
# 10mnt dari Stasiun KRL Cilebut dan TOD Sukaresmi (LRT Jabodetabek).
# 1mnt dari Halte bis JIEX @Bogor Icon (langsung dari dan ke airport Soekarno Hatta)
*# Harga Rp. 4.2 M*
# Hub: 085811117650"
76,09-04-2021,https://www.rumah.com/listing-properti/dijual-sentul-city-bogor-oleh-ety-18374853,5400000000,Bogor,400,380,5,5,0,0,3,0,4400,SHGB,"sentul city, bogor",Rumah Siap Huni Minimalis Classic Depan Green Area Di Sentul City
77,01-04-2021,https://www.rumah.com/listing-properti/dijual-dijual-rumah-terawat-dalam-cluster-mewah-bogor-nirwana-residence-full-furnished-085899110009-oleh-warsikin-17962608,3500000000,Bogor,298,150,4,4,1,0,4,0,3500,SHM,DIJUAL RUMAH TERAWAT Dalam Cluster Mewah Bogor Nirwana Residence Full Furnished ☎ 085899110009,Kelebihan sentul city :
78,01-04-2021,https://www.rumah.com/listing-properti/dijual-2-bedrooms-rumah-bogor-kota-bogor-jawa-barat-oleh-sri-rachmawati-18089577,532675000,Bogor,83,45,2,1,0,0,1,0,1300,SHM,"2 Bedrooms Rumah Bogor Kota, Bogor, Jawa Barat","1. Lokasi strategis, bebas macet, akses pintu tol sendiri, 5 menit ke kota bogor - 20 menit ke semanggi (Jakarta)."
79,01-04-2021,https://www.rumah.com/listing-properti/dijual-vinnara-property-oleh-eko-rubaeko-17504009,399000000,Bogor,84,50,2,1,0,0,1,0,1300,SHM,VINNARA property,"2. Aman (one gate, one cluster security 24 jam)."
80,01-04-2021,https://www.rumah.com/listing-properti/dijual-andalusia-residence-oleh-aldi-17845014,399000000,Bogor,70,40,2,1,0,0,1,0,1300,SHM,ANDALUSIA RESIDENCE,"3. Kontur tanah berbukit(upslope, level, downslope), bebas banjir"
81,01-04-2021,https://www.rumah.com/listing-properti/dijual-kemang-graha-insani-oleh-rizki-kusumawardana-18325277,391000000,Bogor,75,45,2,1,0,0,1,0,2200,SHM,KEMANG GRAHA INSANI,"4. Luas 3100 hektar menghijau, 60% green area, Udara bersih, sejuk, segar."
82,01-04-2021,https://www.rumah.com/listing-properti/dijual-murah-banget-rumah-di-pusat-kota-bogor-luas-513m2-hanya-5-menit-ke-stasiun-bogor-kota-dan-pusat-bi-oleh-verdy-adinanta-18367650,1700000000,Bogor,513,480,7,3,1,1,0,2,2200,SHM,Murah Banget! ! Rumah di pusat kota bogor luas 513m2 hanya 5 Menit ke stasiun bogor kota dan pusat bi,"5. View gunung, sungai, Kelebihan sentul city :"
83,01-04-2021,https://www.rumah.com/listing-properti/dijual-bali-resort-extention-oleh-adam-sulaiman-17666378,1020000000,Bogor,60,67,3,3,0,0,2,0,2200,SHM,Bali Resort Extention,6. Legalitas sertifikat terjamin
84,01-04-2021,https://www.rumah.com/listing-properti/dijual-komplek-perumahan-balitvet-oleh-dimas-satrio-17329539,2000000000,Bogor,400,200,5,2,1,0,0,4,1300,SHM,KOMPLEK PERUMAHAN BALITVET,7. Investasi cukup tinggi menjanjikan nilai kenaikan pertahun sekitar 30%
85,01-04-2021,https://www.rumah.com/listing-properti/dijual-villa-indah-pajajaran-oleh-dimas-satrio-16864354,11000000000,Bogor,580,700,7,6,2,1,2,2,4400,SHM,VILLA INDAH PAJAJARAN,"8. FASUM FASOS berkonsep internasional, Sekolah play group - universitas bertaraf internasional, tempat ibadah, AEON mall, Hypermart, Pasar Bersih, Rumah Sakit EMC, Bank, apartemen-condotel, objek wisata (Jungle land, taman budaya, air terjun paradise park, pemandian air panas gunung pancar), APTB, arena olah raga, PAM, dll."
86,01-04-2021,https://www.rumah.com/listing-properti/dijual-taman-yasmin-sektor-7-cluster-bambu-ori-oleh-pintor-hamonangan-gultom-18372029,1500000000,Bogor,203,140,4,2,0,0,1,0,2200,SHM,TAMAN YASMIN SEKTOR 7 CLUSTER BAMBU ORI,"kita juga melayani untuk pembangunan,renovasi,perencanaan pembangunan,dll. di kawasan Sentul city dan sekitarnya"
87,01-04-2021,https://www.rumah.com/listing-properti/dijual-dijual-rumah-mewah-siap-huni-dilokasi-premium-dan-strategis-taman-kencana-bogor-dekat-pajajaran-oleh-pintor-hamonangan-gultom-17723012,11500000000,Bogor,855,520,7,5,1,1,6,4,6600,SHM,"Dijual Rumah Mewah Siap Huni dilokasi Premium dan Strategis Taman Kencana Bogor, dekat Pajajaran",Untuk informasi lebih lanjut/properti lain
86,09-04-2021,https://www.rumah.com/listing-properti/dijual-rumah-dijual-di-bogor-vila-bogor-indah-6-rumah-siap-huni-dp-25-jt-oleh-amel-17295301,646000000,Bogor,84,26,2,1,0,0,1,0,2200,SHM,Rumah dijual di Bogor Vila Bogor Indah 6 Rumah siap Huni Dp 25 Jt,silahkan hubungi :
89,01-04-2021,https://www.rumah.com/listing-properti/dijual-jual-rumah-hoek-tanah-luas-dekat-tol-di-perumahan-kedungbadak-baru-oleh-josephine-18421652,2700000000,Bogor,260,200,5,4,1,1,3,0,3500,SHM,Jual Rumah Hook Tanah Luas Dekat Tol Di Perumahan Kedung Badak Baru,
90,01-04-2021,https://www.rumah.com/listing-properti/dijual-rumah-kantor-dijual-murah-at-bukit-cimanggu-city-oleh-monica-wibowo-16731614,1490000000,Bogor,136,200,4,2,0,0,2,0,2200,SHM,Rumah Kantor Dijual Murah at Bukit Cimanggu City,ETTY Mitra Property
91,01-04-2021,https://www.rumah.com/listing-properti/dijual-lumihous-legenda-wisata-oleh-aang-17849723,880000000,Bogor,57,60,3,2,0,0,2,0,2200,SHM,LUMIHOUS @ LEGENDA WISATA,HP. 0857-1739-0164
92,01-04-2021,https://www.rumah.com/listing-properti/dijual-citra-indah-oleh-akbar-18373431,285000000,Bogor,72,60,2,1,0,0,1,0,1300,SHGB,CITRA INDAH,
93,01-04-2021,https://www.rumah.com/listing-properti/dijual-citra-indah-oleh-akbar-18222977,265000000,Bogor,72,55,2,1,0,0,1,0,1300,SHGB,CITRA INDAH,#RumahDijual #RumahDisewa #RumahjualSentulCity #RumahSentul
94,01-04-2021,https://www.rumah.com/listing-properti/dijual-rancamaya-golf-estate-oleh-dewi-ningrum-17903403,746500000,Bogor,90,46,2,1,0,0,1,0,2200,SHGB,RANCAMAYA GOLF ESTATE,"Rumah Ready Stock 1 Lantai Di Kota Bogor
Nikmati Anugerah Alam di Rancamaya Golf Estate , perumahan di Bogor yang menghadiahkan lingkungan hijau asri serta panorama alam yang indah.
Greener,Cleaner,Healthier dan mendukung Social Distancing .
Datang dan buktikan !!
Seeing is Believing"
95,01-04-2021,https://www.rumah.com/listing-properti/dijual-bali-resort-bogor-oleh-irvan-alnadi-18421470,573800000,Bogor,90,48,2,2,0,0,1,0,2200,SHGB,BALI RESORT BOGOR,"BALI RESORT BOGOR
Adalah hunian dengan konsep Bali Tropikal minimalis yang merupakan jawaban bagi anda yang ingin keluar dari kehidupan perkotaan.
Bayangkanlah nuansa kehidupan Bali yang alami dibalik pintu rumah anda.

Bali Resort Bogor di lengkapi dengan berbagai fasilitas terbaik di kelas nya, untuk menunjang hidup anda. Hadir dengan tipe Unggalan didukung dengan arsitektur dan lancscape khas Bali.

Rumah 2 Lantai
Tipe LB 48 LT 90
Harga cash 573,8jtan
Harga KPR 684,6jtan
DP 34jtan (cicil 5x)
Cicilan 4 Jtan*
- Free Admin & Bphtb
- Promo SUBSIDI Biaya KPR 15 JT

Kerja sama Bank BRI, BTN, BNI Syariah, Mandiri,ocbc, Bni, BCA, Mandiri syariah, btn syariah

Fasilitas Bali resort bogor :
- Exclusive Club House
- Taman bermain / Play Ground
- Taman Tematik Nuansa Bali

Keunggulan Bali Resort bogor :
- 20 menit dari exit pintu tol Lingkar Luar Bogor
- 20 menit ke Stasiun Bogor
- 10 menit dari pusat keramaian
- Dekat dengan beberapa fasilitas umum

Spesifikasi Bali Resort bogor :
Pondasi Batu Kali
Struktur Beton Bertulang
Lantai Granit Ikad / setara
Dinding Double Bata Merah plester Aci
Plafon Gypsum & GRC
Sanitasi Closet duduk TOTO
Atap Rangka Baja Ringan, Genteng Beton
Listrik 2200 watt
Pintu Utama Panel

Info Promo Bali resort bogor : bisa chat wa atau telp ALNADI 085770664266

https://bali-resort-bogor.net"
96,01-04-2021,https://www.rumah.com/listing-properti/dijual-green-forest-cifor-rumah-syariah-dengan-kawasan-islamic-green-living-pertama-terbesar-di-kota-bogor-oleh-defri-safarudin-18421368,690000000,Bogor,60,60,3,2,0,0,1,0,2200,SHM,Green Forest Cifor Rumah Syariah Dengan Kawasan Islamic Green Living Pertama Terbesar Di Kota Bogor,"Kawasan Islamic Green Living Pertama dan Terbesar di Kota Bogor, di lengkapi dengan fasilitas-fasilitas terbaik demi mendukung kualitas lingkungan yang baik untuk keluarga Anda.

Dengan mengusung konsep Syariah, Green Forest Cifor berada di lokasi yang sangat strategis dan langsung terhubung dengan Jalan Utama Jl. Raya Cifor.

Dengan Lokasi yang Strategis memberikan kemudahan untuk aktivitas anda, karena dekat:
- 15 Menit ke Pintu Tol Yasmin Bogor
- 9 Menit ke Pusat Komersil Yasmin
- 8 Menit ke Rumah Sakit Muhammadiyah Bogor
- Dekat dengan Sekolah-sekolah Islam

Tersedia Type :
- 60/54m2= 657jt
- 60/60m2= 690jt
- 60/62m2= 701jt
- 60/71m2= 750,5jt
- 60/74m2= 767jt
- 60/81m2= 805,5jt
- 60/86m2= 833jt
- 60/88m2= 844jt
- 60/96m2= 888jt
- 60/102m2= 921jt
- 60/107m2= 948,5jt
- 60/109m2= 959,5jt
- 60/113m2= 981,5jt
- 60/147m2= 1,169milyar

Green Forest Cifor juga memberikan program-program unggulan :
1. Masjid dan Islamic Centre
2. Rumah Tahfidz
3. Sarana Olahraga Sunnah (Stable, Archery)

Ayo menjadi bagian Green Forest Cifor bersama umat Muslim yang sudah bergabung terlebih dahulu.

Segera survei sebelum kehabisan, Karena unit terbatas!

Bisa kredit murni 100% syariah
- Tanpa Bank
- Tanpa Riba
- Tanpa Denda
- Tanpa Sita
- Tanpa Bi Checking
- Tanpa Pinalti
- Tanpa Akad Bathil
- Cicilan Flat Sampai Lunas
- Cicilan Langsung Ke Developer

Alamat Lokasi :
di Bubulak, Kec. Bogor Barat, Kota Bogor

MINAT SURVEI KE LOKASI ?
Silahkan chat via Whatsapp

Marketing: Kang Defri
No Whatsapp: 083840363817

Syukron"
97,01-04-2021,https://www.rumah.com/listing-properti/dijual-jual-cepat-rumah-di-perumahan-bogor-baru-bogor-tengah-fully-furnished-oleh-josephine-17438383,2795000000,Bogor,361,361,4,6,1,1,1,2,3500,SHM,"Jual Cepat Rumah Di Perumahan Bogor Baru Bogor Tengah Fully Furnished
Rumah","Jual Cepat Rumah Di Perumahan Bogor Baru Bogor Tengah Fully Furnished

Lokasi strategis tengah kota bebas macet dan bebas banjir dengan suasana aman dan nyaman

Dekat Pajajaran
Dekat resto dan cafe dan kuliner dan factory outlet
Dekat pusat kota
Dekat Kebun Raya
Dekat Istana Bogor
Dekat tol ke Jakarta
Dekat rumah sakit seperti dekat RS. Siloam , dekat RS. Mulia , dekat RS. Azra , dekat RS. PMI
Dekat mall Botani
Dekat mall Lippo Plaza
Dekat sekolah
Dekat Kampus Unpak ( dekat Universitas Pakuan )
Dekat Kampus IPB
Dekat kantor
Dekat stasiun kereta
Dekat terminal bus

Luas tanah 361 m2 ( lebar depan sekitar 18 meter )
Luas bangunan 361 m2
Bangunan 1,5 lantai ada dag di atas buat BBQ atau jemur dengan view bagus ( view city )
Layout bagus :
Carport dan garasi bisa masuk 3 mobil
Ada taman depan
Teras
Ruang tamu, makan, keluarga, dapur, service area terbuka di belakang
Dijual beserta perabotan ( beserta furniture )seperti :
CCTV
Sofa
Bed alias tempat tidur
Kompor
Gorden
Lemari
Ada 6 units AC
Ada 5 water heater
Listrik 3.500 watt
Air PDAM

Kondisi bangunan rapi siap huni terawat dengan lantai keramik

Surat lengkap : SHM, IMB, PBB
Bisa cash atau KPR"
98,01-04-2021,https://www.rumah.com/listing-properti/dijual-termurah-lt-90-harga-600jt-oleh-yolanda-lanes-17774065,600000000,Bogor,90,48,2,2,0,0,1,0,2200,SHGB,"Termurah LT 90 harga 600jt*
Rumah","Rumah Cantik Konsep Bali Mewah
First In Bogor
Lokasi Strategis 10 menit MCD Yasmin

Hanya tersisa 50 unit ..

investasi terbaik
tanah luas di kelasnya
termurah terbaik terlengkap fasilitas di dalam perumahahan"
99,01-04-2021,https://www.rumah.com/listing-properti/dijual-rumah-di-bantar-kemang-dekat-bsi-cocok-buat-kantor-oleh-josephine-18269232,3500000000,Bogor,600,300,5,3,1,1,3,0,2200,SHM,Rumah Di Bantar Kemang Dekat BSI Cocok Buat Kantor,"Jual Rumah Pinggir Jalan Cocok untuk Kantor

Cocok untuk Tempat Usaha
Cocok untuk Kantor
Cocok untuk Sekolah
Lokasi bagus di tengah kota strategis kemanapun dekat
Akses bagus
Dekat jalan Pajajaran
Dekat tol
Dekat jalan R3
Dekat perumahan Villa Duta
Dekat perumahan BSI
Dekat Summarecon
Dekat Rumah Sakit
Dekat RS. Azra
Dekat RS. Mulia
Dekat RS. BMC
Dekat RS. Siloam
Dekat mall Botani
Dekat mall Lippo Plaza
Dekat stasiun
Dekat terminal bus

Spesifikasi:
Luas tanah 600 m2
Luas bangunan 300 m2
Ada 5 kamar tidur terdiri dari
- 1 kamar tidur utama plus kamar mandi dalam
- 4 kamar tidur
- 2 kamar mandi

Ruang tamu
Ruang keluarga
Ruang Makan
Dapur
Garasi
Carport
Halaman Depan dan Belakang

1 Paviliun dengan 3 Kamar Tidur dan 1 Kamar Mandi

Legalitas :
SHM"
100,01-04-2021,https://www.rumah.com/listing-properti/dijual-perumahan-di-cilebut-bumi-cahaya-sakura-dengan-desain-modern-konsep-jepang-oleh-tatang-nurjana-17987228,393000000,Bogor,66,50,2,1,0,0,1,0,1300,SHM,Perumahan di cilebut bumi cahaya sakura dengan Desain Modern Konsep Jepang,"Rumah Konsep Jepang Tahan Gempa Dan Terjangakau Dekat Stasiun Cilebut
Ingin punya RUMAH BERKUALITAS dengan HARGA TERJANGKAU...?
Yang BERLOKASI STATEGIS dekat STASIUN CILEBUT dan masih masuk wilayah KOTA BOGOR...?

Ditambah lagi berkonsep LINGKUNGAN ISLAMI dan KONTRUKSI ALA JEPANG...!
Hunian Syariah yang Kuat, Segar, Terang, Sehat ala Jepang

Berfasilitas Menarik:
• Selangkah ke Masjid Jamie
• Program Tahfidz Alquran
• Mini Basket & Archery Area
• Taman Kompleks
• One Gate System
• CCTV Keamanan
• Lubang Biopori

Berkonstruksi ala Jepang:
• Kuat Struktur Bangunannya
• Segar Aliran Udaranya
• Terang Cahaya Masuknya
• Sehat Bagi Penghuninya

Berlokasi Strategis:
• 10 menitan ke Stasiun Cilebut
• 10 menitan ke Jalan Raya Jakarta - Bogor
• 15 menitan ke Pintu Toll BORR
• Dekat ke Masjid Jami' & MI Nurul Yakin
• Dekat ke Ponpes Al-Alawiyah, Kantor Kelurahan Kencana
• 10 menitan ke Lotte Mart, Giant Yasmin, Transmart, RS Hermina
• 15 menitan ke RS Islam, Universitas Ibnu Khaldun, Sekolah Bintang Pelajar, Yogya Cimanggu, Bogor Square Mall
• 10 menitan ke Sekolah IT Ummul Quro Bogor
• 10 menitan ke Marcopolo Waterpark

Type : 50/66 ( 1.5 Lantai )
• Luas Bangunan 50 m2
• Luas Tanah 66 m2
• Harga Cash Promo 393 jt
• Kredit Dp 118 jt
• Cicilan 4.9 jt x 8 th

Lantai 1:
• 2 Kamar Tidur
• 1 Kamar Mandi
• 1 ruang tamu
• 1 ruang makan, dapur
• Taman Depan
• Teras
• Carport 1 Mobil



Berskema Syariah:
• Tanpa Riba : Tak Ada Bunga, Denda, Asuransi, dsb.
• Tanpa Pembiayaan Bank : Pembiayaan Langsung ke Developer
• Tanpa Akad Bermasalah : Langsung Jual Beli
• Tanpa BI Checking: Persyaratan Tak Ribet
• Tanpa Sita : Karena Ketika Beli Menjadi Sepenuhnya Milik Anda
• Cicilan Flat : Tak Ada Kenaikan Angsuran Sebab Perubahan Harga
• Hidup Lebih Tentram Dunia dan Akhirat



TINGGAL 7 UNIT SAJA

Anda Berminat?
Kami akan memberikan info lebih lanjut tentang Bumi Cahaya Sakura untuk Anda...!"